מזהה מוצר,שם,קטגוריה,מחיר
P-001,הצפרדע והברווז בעיר,ספרים,69
P-002,הפיל והעכבר בעיר,ספרים,29
P-003,אגדות הכפר הנסתר,ספרים,79
P-004,הדולפין והסרטן בעיר,ספרים,79
P-005,מדריך לילדים: הדינוזאורים,ספרים,99
P-006,הסוד של תמר,ספרים,89
P-007,מסע אל הר הסודות,ספרים,39
P-008,האריה והגמד בעיר,ספרים,89
P-009,מסע אל ממלכת הענן,ספרים,99
P-010,מסע אל עמק הכוכבים,ספרים,39
P-011,אגדות המגדלור הישן,ספרים,89
P-012,הסוד של רוני,ספרים,99
P-013,הינשוף והחתולה בעיר,ספרים,89
P-014,מדריך לילדים: הבישול,ספרים,69
P-015,הסוד של ליאור,ספרים,89
P-016,הסוד של דניאל,ספרים,99
P-017,הסוד של מאיה,ספרים,29
P-018,מסע אל המגדלור הישן,ספרים,59
P-019,הסוד של אורי,ספרים,49
P-020,אגדות הר הסודות,ספרים,29
P-021,הסוד של נועם,ספרים,39
P-022,אגדות הים הכחול,ספרים,89
P-023,השועל והצב בעיר,ספרים,99
P-024,מדריך לילדים: הצבעים,ספרים,49
P-025,אגדות העיר הצפה,ספרים,99
P-026,מדריך לילדים: המדע בכיף,ספרים,59
P-027,אגדות האי הנעלם,ספרים,39
P-028,מסע אל הכפר הנסתר,ספרים,99
P-029,מסע אל העיר הצפה,ספרים,99
P-030,מסע אל יער הערפל,ספרים,69
P-031,הסוד של גל,ספרים,89
P-032,מסע אל האי הנעלם,ספרים,69
P-033,הסוד של שירה,ספרים,99
P-034,מדריך לילדים: החלל,ספרים,89
P-035,מדריך לילדים: הציפורים,ספרים,89
P-036,אגדות עמק הכוכבים,ספרים,59
P-037,הכלב והציפור בעיר,ספרים,69
P-038,מדריך לילדים: הים,ספרים,69
P-039,אגדות יער הערפל,ספרים,29
P-040,הסוד של יובל,ספרים,29
P-041,משחק קופסה: החווה,משחקים,39
P-042,משחק קופסה: המדע,משחקים,59
P-043,משחק קלפים: הדינוזאורים,משחקים,39
P-044,פאזל המדע 100 חלקים,משחקים,179
P-045,משחק קופסה: הבלשים,משחקים,219
P-046,משחק קלפים: החלל,משחקים,209
P-047,משחק קופסה: הצבעים,משחקים,59
P-048,פאזל הצבעים 100 חלקים,משחקים,229
P-049,משחק קלפים: הצבעים,משחקים,99
P-050,פאזל הדינוזאורים 100 חלקים,משחקים,109
P-051,משחק קופסה: הממלכה,משחקים,69
P-052,משחק קלפים: הבלשים,משחקים,229
P-053,משחק קלפים: האותיות,משחקים,49
P-054,משחק קלפים: הים העמוק,משחקים,209
P-055,משחק קלפים: המספרים,משחקים,119
P-056,משחק קלפים: הממלכה,משחקים,249
P-057,משחק קופסה: האותיות,משחקים,239
P-058,פאזל המדע 500 חלקים,משחקים,149
P-059,משחק קלפים: המדע,משחקים,79
P-060,פאזל הג'ונגל 100 חלקים,משחקים,39
P-061,משחק קלפים: החווה,משחקים,139
P-062,לוטו הצבעים,משחקים,249
P-063,משחק קלפים: הג'ונגל,משחקים,219
P-064,פאזל הצבעים 500 חלקים,משחקים,219
P-065,פאזל הים העמוק 500 חלקים,משחקים,189
P-066,פאזל החלל 500 חלקים,משחקים,79
P-067,משחק קופסה: הג'ונגל,משחקים,209
P-068,פאזל הג'ונגל 500 חלקים,משחקים,109
P-069,משחק קופסה: הים העמוק,משחקים,189
P-070,משחק קופסה: החלל,משחקים,219
P-071,צבעי עץ 24 צבעים,ציוד לבית ספר,43
P-072,מספריים לילדים,ציוד לבית ספר,20
P-073,מחברת A4 חלקה,ציוד לבית ספר,25
P-074,תיק גב גדול,ציוד לבית ספר,194
P-075,תיק גב עם גלגלים,ציוד לבית ספר,188
P-076,קלמר ירוק,ציוד לבית ספר,56
P-077,מחברת A4 משבצות,ציוד לבית ספר,13
P-078,מחשבון מדעי,ציוד לבית ספר,78
P-079,מחברת A5 שורות,ציוד לבית ספר,28
P-080,סרגל 15 ס״מ,ציוד לבית ספר,5
P-081,עפרונות סט 12,ציוד לבית ספר,19
P-082,קלמר ורוד,ציוד לבית ספר,27
P-083,צבעי עץ 36 צבעים,ציוד לבית ספר,19
P-084,סרגל 30 ס״מ,ציוד לבית ספר,10
P-085,דבק סטיק קטן,ציוד לבית ספר,6
P-086,קלמר כחול,ציוד לבית ספר,29
P-087,עט שחור,ציוד לבית ספר,6
P-088,עט ג'ל,ציוד לבית ספר,11
P-089,מחשבון בסיסי,ציוד לבית ספר,42
P-090,מספריים למבוגרים,ציוד לבית ספר,29
P-091,טוש סט 20,ציוד לבית ספר,35
P-092,עט כחול,ציוד לבית ספר,9
P-093,טוש סט 10,ציוד לבית ספר,19
P-094,עפרונות סט 24,ציוד לבית ספר,31
P-095,קלמר אפור,ציוד לבית ספר,38
P-096,דבק סטיק גדול,ציוד לבית ספר,5
P-097,תיק גב קטן,ציוד לבית ספר,218
P-098,צבעי עץ 12 צבעים,ציוד לבית ספר,31
