מזהה שורה,מזהה הזמנה,תאריך,מוצר,כמות,מחיר ליחידה,סטטוס,לקוחה
S-0001,O-0001,2026-04-03,P-008,3,89,נמסר,לקוחה-085
S-0002,O-0001,2026-04-03,P-076,3,56,נמסר,לקוחה-085
S-0003,O-0002,2026-04-03,P-003,1,79,נמסר,לקוחה-034
S-0004,O-0003,2026-04-04,P-041,1,39,נמסר,לקוחה-040
S-0005,O-0004,2026-04-04,P-035,1,89,נמסר,לקוחה-110
S-0006,O-0004,2026-04-04,P-080,3,5,נמסר,לקוחה-110
S-0007,O-0005,2026-04-05,P-041,1,39,נמסר,לקוחה-055
S-0008,O-0006,2026-04-05,P-003,1,79,נמסר,לקוחה-056
S-0009,O-0007,2026-04-06,P-042,1,59,נמסר,לקוחה-079
S-0010,O-0007,2026-04-06,P-046,1,209,נמסר,לקוחה-079
S-0011,O-0008,2026-04-06,P-030,1,69,נמסר,לקוחה-015
S-0012,O-0009,2026-04-11,P-049,1,99,נמסר,לקוחה-101
S-0013,O-0009,2026-04-11,P-073,4,25,נמסר,לקוחה-101
S-0014,O-0010,2026-04-11,P-065,1,189,נמסר,לקוחה-080
S-0015,O-0010,2026-04-11,P-035,1,89,הוחזר,לקוחה-080
S-0016,O-0011,2026-04-11,P-086,1,29,נמסר,לקוחה-082
S-0017,O-0012,2026-04-12,P-041,1,39,נמסר,לקוחה-023
S-0018,O-0013,2026-04-12,P-051,1,69,נמסר,לקוחה-005
S-0019,O-0014,2026-04-13,P-001,1,69,נמסר,לקוחה-013
S-0020,O-0015,2026-04-14,P-007,1,39,נמסר,לקוחה-006
S-0021,O-0016,2026-04-14,P-077,2,13,נמסר,לקוחה-144
S-0022,O-0017,2026-04-14,P-055,1,119,נמסר,לקוחה-047
S-0023,O-0018,2026-04-16,P-072,2,20,נמסר,לקוחה-030
S-0024,O-0018,2026-04-16,P-073,1,25,נמסר,לקוחה-030
S-0025,O-0018,2026-04-16,P-004,1,79,נמסר,לקוחה-030
S-0026,O-0019,2026-04-16,P-095,3,38,נמסר,לקוחה-068
S-0027,O-0020,2026-04-16,P-041,1,39,נמסר,לקוחה-083
S-0028,O-0020,2026-04-16,P-017,3,29,הוחזר,לקוחה-083
S-0029,O-0021,2026-04-16,P-048,3,229,נמסר,לקוחה-011
S-0030,O-0021,2026-04-16,P-074,2,194,נמסר,לקוחה-011
S-0031,O-0022,2026-04-16,P-043,1,39,הוחזר,לקוחה-046
S-0032,O-0023,2026-04-16,P-003,3,79,נמסר,לקוחה-061
S-0033,O-0023,2026-04-16,P-043,1,39,הוחזר,לקוחה-061
S-0034,O-0024,2026-04-17,P-098,1,31,נמסר,לקוחה-109
S-0035,O-0024,2026-04-17,P-008,1,89,נמסר,לקוחה-109
S-0036,O-0024,2026-04-17,P-009,1,99,הוחזר,לקוחה-109
S-0037,O-0025,2026-04-17,P-001,1,69,נמסר,לקוחה-027
S-0038,O-0026,2026-04-18,P-031,2,89,נמסר,לקוחה-066
S-0039,O-0026,2026-04-18,P-008,1,89,נמסר,לקוחה-066
S-0040,O-0027,2026-04-18,P-007,1,39,נמסר,לקוחה-003
S-0041,O-0027,2026-04-18,P-019,1,49,נמסר,לקוחה-003
S-0042,O-0028,2026-04-18,P-074,1,194,נמסר,לקוחה-134
S-0043,O-0028,2026-04-18,P-022,1,89,נמסר,לקוחה-134
S-0044,O-0029,2026-04-18,P-001,1,69,נמסר,לקוחה-032
S-0045,O-0029,2026-04-18,P-051,2,69,נמסר,לקוחה-032
S-0046,O-0030,2026-04-19,P-077,1,13,נמסר,לקוחה-067
S-0047,O-0031,2026-04-19,P-017,1,29,נמסר,לקוחה-038
S-0048,O-0032,2026-04-20,P-032,1,69,הוחזר,לקוחה-010
S-0049,O-0033,2026-04-20,P-013,1,89,נמסר,לקוחה-055
S-0050,O-0034,2026-04-20,P-001,1,69,נמסר,לקוחה-041
S-0051,O-0034,2026-04-20,P-072,2,20,נמסר,לקוחה-041
S-0052,O-0034,2026-04-20,P-002,1,29,נמסר,לקוחה-041
S-0053,O-0035,2026-04-20,P-002,1,29,נמסר,לקוחה-001
S-0054,O-0036,2026-04-20,P-053,1,49,נמסר,לקוחה-008
S-0055,O-0037,2026-04-20,P-002,1,29,נמסר,לקוחה-004
S-0056,O-0038,2026-04-21,P-029,1,99,הוחזר,לקוחה-024
S-0057,O-0038,2026-04-21,P-071,3,43,נמסר,לקוחה-024
S-0058,O-0039,2026-04-21,P-025,1,99,נמסר,לקוחה-095
S-0059,O-0040,2026-04-21,P-017,1,29,נמסר,לקוחה-002
S-0060,O-0041,2026-04-22,P-043,1,39,נמסר,לקוחה-003
S-0061,O-0042,2026-04-22,P-071,1,43,נמסר,לקוחה-008
S-0062,O-0042,2026-04-22,P-035,1,89,נמסר,לקוחה-008
S-0063,O-0042,2026-04-22,P-076,1,56,נמסר,לקוחה-008
S-0064,O-0043,2026-04-23,P-076,2,56,נמסר,לקוחה-104
S-0065,O-0044,2026-04-23,P-012,1,99,נמסר,לקוחה-021
S-0066,O-0044,2026-04-23,P-041,2,39,נמסר,לקוחה-021
S-0067,O-0044,2026-04-23,P-069,1,189,נמסר,לקוחה-021
S-0068,O-0045,2026-04-25,P-006,1,89,נמסר,לקוחה-015
S-0069,O-0046,2026-04-25,P-046,1,209,הוחזר,לקוחה-009
S-0070,O-0047,2026-04-27,P-003,1,79,נמסר,לקוחה-040
S-0071,O-0047,2026-04-27,P-041,1,39,נמסר,לקוחה-040
S-0072,O-0048,2026-04-28,P-023,1,99,נמסר,לקוחה-095
S-0073,O-0049,2026-04-29,P-001,1,69,נמסר,לקוחה-012
S-0074,O-0049,2026-04-29,P-074,2,194,נמסר,לקוחה-012
S-0075,O-0049,2026-04-29,P-026,2,59,נמסר,לקוחה-012
S-0076,O-0050,2026-05-01,P-041,1,39,נמסר,לקוחה-003
S-0077,O-0050,2026-05-01,P-013,3,89,נמסר,לקוחה-003
S-0078,O-0051,2026-05-01,P-085,1,6,נמסר,לקוחה-152
S-0079,O-0051,2026-05-01,P-004,2,79,נמסר,לקוחה-152
S-0080,O-0052,2026-05-02,P-075,2,188,נמסר,לקוחה-104
S-0081,O-0053,2026-05-03,P-043,1,39,נמסר,לקוחה-014
S-0082,O-0053,2026-05-03,P-076,1,56,הוחזר,לקוחה-014
S-0083,O-0054,2026-05-03,P-077,1,13,נמסר,לקוחה-060
S-0084,O-0055,2026-05-04,P-001,1,69,נמסר,לקוחה-001
S-0085,O-0055,2026-05-04,P-008,1,89,נמסר,לקוחה-001
S-0086,O-0055,2026-05-04,P-037,3,69,נמסר,לקוחה-001
S-0087,O-0056,2026-05-04,P-043,2,39,נמסר,לקוחה-086
S-0088,O-0057,2026-05-05,P-049,1,99,נמסר,לקוחה-118
S-0089,O-0058,2026-05-06,P-001,1,69,נמסר,לקוחה-001
S-0090,O-0058,2026-05-06,P-041,1,39,הוחזר,לקוחה-001
S-0091,O-0058,2026-05-06,P-008,1,89,נמסר,לקוחה-001
S-0092,O-0059,2026-05-06,P-002,1,29,נמסר,לקוחה-147
S-0093,O-0060,2026-05-07,P-001,2,69,נמסר,לקוחה-004
S-0094,O-0060,2026-05-07,P-003,1,79,נמסר,לקוחה-004
S-0095,O-0060,2026-05-07,P-076,1,56,נמסר,לקוחה-004
S-0096,O-0061,2026-05-08,P-059,3,79,נמסר,לקוחה-149
S-0097,O-0061,2026-05-08,P-065,3,189,הוחזר,לקוחה-149
S-0098,O-0061,2026-05-08,P-092,1,9,נמסר,לקוחה-149
S-0099,O-0062,2026-05-08,P-041,2,39,נמסר,לקוחה-017
S-0100,O-0063,2026-05-08,P-046,1,209,נמסר,לקוחה-083
S-0101,O-0064,2026-05-08,P-045,1,219,הוחזר,לקוחה-002
S-0102,O-0065,2026-05-09,P-009,1,99,נמסר,לקוחה-077
S-0103,O-0066,2026-05-10,P-018,1,59,נמסר,לקוחה-008
S-0104,O-0067,2026-05-11,P-041,1,39,נמסר,לקוחה-080
S-0105,O-0068,2026-05-11,P-010,1,39,נמסר,לקוחה-150
S-0106,O-0069,2026-05-11,P-042,1,59,נמסר,לקוחה-092
S-0107,O-0070,2026-05-11,P-048,3,229,נמסר,לקוחה-019
S-0108,O-0070,2026-05-11,P-008,1,89,נמסר,לקוחה-019
S-0109,O-0071,2026-05-12,P-046,1,209,נמסר,לקוחה-040
S-0110,O-0071,2026-05-12,P-041,1,39,נמסר,לקוחה-040
S-0111,O-0071,2026-05-12,P-011,1,89,נמסר,לקוחה-040
S-0112,O-0072,2026-05-13,P-075,1,188,נמסר,לקוחה-060
S-0113,O-0073,2026-05-14,P-018,1,59,נמסר,לקוחה-089
S-0114,O-0073,2026-05-14,P-003,1,79,נמסר,לקוחה-089
S-0115,O-0074,2026-05-16,P-001,1,69,נמסר,לקוחה-123
S-0116,O-0074,2026-05-16,P-011,1,89,נמסר,לקוחה-123
S-0117,O-0075,2026-05-16,P-043,1,39,נמסר,לקוחה-052
S-0118,O-0075,2026-05-16,P-072,1,20,נמסר,לקוחה-052
S-0119,O-0075,2026-05-16,P-041,1,39,נמסר,לקוחה-052
S-0120,O-0076,2026-05-16,P-003,1,79,נמסר,לקוחה-027
S-0121,O-0077,2026-05-17,P-047,3,59,נמסר,לקוחה-032
S-0122,O-0077,2026-05-17,P-095,3,38,נמסר,לקוחה-032
S-0123,O-0077,2026-05-17,P-014,1,69,נמסר,לקוחה-032
S-0124,O-0078,2026-05-18,P-086,1,29,נמסר,לקוחה-067
S-0125,O-0078,2026-05-18,P-044,1,179,נמסר,לקוחה-067
S-0126,O-0078,2026-05-18,P-089,1,42,נמסר,לקוחה-067
S-0127,O-0079,2026-05-19,P-002,1,29,נמסר,לקוחה-001
S-0128,O-0080,2026-05-20,P-001,2,69,נמסר,לקוחה-021
S-0129,O-0080,2026-05-20,P-041,1,39,נמסר,לקוחה-021
S-0130,O-0080,2026-05-20,P-023,1,99,נמסר,לקוחה-021
S-0131,O-0081,2026-05-20,P-071,4,43,נמסר,לקוחה-006
S-0132,O-0082,2026-05-20,P-015,1,89,נמסר,לקוחה-033
S-0133,O-0082,2026-05-20,P-040,3,29,נמסר,לקוחה-033
S-0134,O-0082,2026-05-20,P-001,1,69,נמסר,לקוחה-033
S-0135,O-0083,2026-05-21,P-078,3,78,נמסר,לקוחה-024
S-0136,O-0084,2026-05-21,P-044,1,179,נמסר,לקוחה-106
S-0137,O-0084,2026-05-21,P-074,2,194,נמסר,לקוחה-106
S-0138,O-0085,2026-05-22,P-001,1,69,נמסר,לקוחה-063
S-0139,O-0086,2026-05-22,P-072,1,20,נמסר,לקוחה-018
S-0140,O-0086,2026-05-22,P-083,2,19,נמסר,לקוחה-018
S-0141,O-0087,2026-05-22,P-032,1,69,נמסר,לקוחה-020
S-0142,O-0087,2026-05-22,P-043,1,39,נמסר,לקוחה-020
S-0143,O-0088,2026-05-23,P-004,2,79,נמסר,לקוחה-039
S-0144,O-0089,2026-05-24,P-002,1,29,נמסר,לקוחה-096
S-0145,O-0090,2026-05-24,P-072,1,20,נמסר,לקוחה-040
S-0146,O-0090,2026-05-24,P-086,1,29,נמסר,לקוחה-040
S-0147,O-0091,2026-05-24,P-002,3,29,נמסר,לקוחה-122
S-0148,O-0091,2026-05-24,P-065,1,189,נמסר,לקוחה-122
S-0149,O-0092,2026-05-25,P-040,2,29,נמסר,לקוחה-004
S-0150,O-0093,2026-05-25,P-044,1,179,נמסר,לקוחה-003
S-0151,O-0094,2026-05-26,P-077,3,13,נמסר,לקוחה-099
S-0152,O-0095,2026-05-27,P-005,1,99,נמסר,לקוחה-070
S-0153,O-0095,2026-05-27,P-006,1,89,נמסר,לקוחה-070
S-0154,O-0095,2026-05-27,P-058,1,149,נמסר,לקוחה-070
S-0155,O-0096,2026-05-27,P-047,1,59,נמסר,לקוחה-034
S-0156,O-0097,2026-05-28,P-005,1,99,נמסר,לקוחה-004
S-0157,O-0098,2026-05-28,P-002,1,29,נמסר,לקוחה-026
S-0158,O-0098,2026-05-28,P-001,1,69,נמסר,לקוחה-026
S-0159,O-0099,2026-05-29,P-009,1,99,נמסר,לקוחה-102
S-0160,O-0100,2026-05-30,P-064,1,219,נמסר,לקוחה-096
S-0161,O-0100,2026-05-30,P-050,1,109,נמסר,לקוחה-096
S-0162,O-0100,2026-05-30,P-038,1,69,נמסר,לקוחה-096
S-0163,O-0101,2026-05-30,P-006,1,89,נמסר,לקוחה-138
S-0164,O-0101,2026-05-30,P-095,3,38,נמסר,לקוחה-138
S-0165,O-0101,2026-05-30,P-042,1,59,נמסר,לקוחה-138
S-0166,O-0102,2026-05-31,P-066,1,79,נמסר,לקוחה-035
S-0167,O-0102,2026-05-31,P-039,1,29,נמסר,לקוחה-035
S-0168,O-0103,2026-05-31,P-047,2,59,נמסר,לקוחה-154
S-0169,O-0103,2026-05-31,P-041,1,39,נמסר,לקוחה-154
S-0170,O-0104,2026-05-31,P-061,1,139,נמסר,לקוחה-080
S-0171,O-0105,2026-05-31,P-077,3,13,נמסר,לקוחה-054
S-0172,O-0106,2026-06-01,P-075,1,188,נמסר,לקוחה-062
S-0173,O-0107,2026-06-01,P-002,1,29,נמסר,לקוחה-121
S-0174,O-0107,2026-06-01,P-075,1,188,נמסר,לקוחה-121
S-0175,O-0107,2026-06-01,P-041,2,39,נמסר,לקוחה-121
S-0176,O-0108,2026-06-01,P-003,1,79,נמסר,לקוחה-109
S-0177,O-0108,2026-06-01,P-005,1,99,נמסר,לקוחה-109
S-0178,O-0109,2026-06-01,P-049,1,99,נמסר,לקוחה-026
S-0179,O-0110,2026-06-02,P-089,1,42,נמסר,לקוחה-086
S-0180,O-0110,2026-06-02,P-001,1,69,נמסר,לקוחה-086
S-0181,O-0111,2026-06-03,P-071,1,43,נמסר,לקוחה-020
S-0182,O-0112,2026-06-04,P-073,3,25,נמסר,לקוחה-002
S-0183,O-0112,2026-06-04,P-084,2,10,נמסר,לקוחה-002
S-0184,O-0113,2026-06-04,P-001,1,69,נמסר,לקוחה-005
S-0185,O-0113,2026-06-04,P-072,1,20,נמסר,לקוחה-005
S-0186,O-0114,2026-06-05,P-042,1,59,נמסר,לקוחה-078
S-0187,O-0114,2026-06-05,P-045,1,219,נמסר,לקוחה-078
S-0188,O-0114,2026-06-05,P-053,1,49,נמסר,לקוחה-078
S-0189,O-0115,2026-06-06,P-029,3,99,נמסר,לקוחה-001
S-0190,O-0116,2026-06-06,P-001,1,69,נמסר,לקוחה-020
S-0191,O-0117,2026-06-06,P-078,1,78,נמסר,לקוחה-036
S-0192,O-0118,2026-06-08,P-052,2,229,נמסר,לקוחה-020
S-0193,O-0118,2026-06-08,P-041,1,39,נמסר,לקוחה-020
S-0194,O-0118,2026-06-08,P-016,1,99,הוחזר,לקוחה-020
S-0195,O-0119,2026-06-10,P-001,1,69,נמסר,לקוחה-019
S-0196,O-0119,2026-06-10,P-002,1,29,נמסר,לקוחה-019
S-0197,O-0120,2026-06-10,P-064,1,219,נמסר,לקוחה-134
S-0198,O-0121,2026-06-11,P-089,1,42,נמסר,לקוחה-084
S-0199,O-0121,2026-06-11,P-001,1,69,נמסר,לקוחה-084
S-0200,O-0122,2026-06-12,P-072,1,20,נמסר,לקוחה-118
S-0201,O-0123,2026-06-13,P-071,2,43,נמסר,לקוחה-033
S-0202,O-0124,2026-06-13,P-093,4,19,נמסר,לקוחה-062
S-0203,O-0124,2026-06-13,P-045,1,219,נמסר,לקוחה-062
S-0204,O-0124,2026-06-13,P-002,2,29,נמסר,לקוחה-062
S-0205,O-0125,2026-06-14,P-042,1,59,נמסר,לקוחה-157
S-0206,O-0125,2026-06-14,P-041,3,39,נמסר,לקוחה-157
S-0207,O-0126,2026-06-14,P-023,1,99,נמסר,לקוחה-079
S-0208,O-0127,2026-06-15,P-069,1,189,נמסר,לקוחה-001
S-0209,O-0127,2026-06-15,P-017,1,29,נמסר,לקוחה-001
S-0210,O-0128,2026-06-15,P-001,3,69,נמסר,לקוחה-007
S-0211,O-0128,2026-06-15,P-006,1,89,נמסר,לקוחה-007
S-0212,O-0129,2026-06-16,P-039,1,29,נמסר,לקוחה-002
S-0213,O-0129,2026-06-16,P-047,1,59,נמסר,לקוחה-002
S-0214,O-0129,2026-06-16,P-001,1,69,נמסר,לקוחה-002
S-0215,O-0130,2026-06-17,P-035,2,89,נמסר,לקוחה-061
S-0216,O-0130,2026-06-17,P-075,1,188,נמסר,לקוחה-061
S-0217,O-0130,2026-06-17,P-086,1,29,נמסר,לקוחה-061
S-0218,O-0131,2026-06-18,P-001,1,69,נמסר,לקוחה-003
S-0219,O-0132,2026-06-20,P-001,1,69,נמסר,לקוחה-063
S-0220,O-0133,2026-06-20,P-027,1,39,נמסר,לקוחה-021
S-0221,O-0134,2026-06-21,P-041,1,39,נמסר,לקוחה-009
S-0222,O-0134,2026-06-21,P-061,2,139,נמסר,לקוחה-009
S-0223,O-0134,2026-06-21,P-067,1,209,נמסר,לקוחה-009
S-0224,O-0135,2026-06-21,P-047,1,59,נמסר,לקוחה-023
S-0225,O-0136,2026-06-22,P-094,1,31,נמסר,לקוחה-029
S-0226,O-0137,2026-06-22,P-004,1,79,נמסר,לקוחה-007
S-0227,O-0138,2026-06-23,P-097,3,218,נמסר,לקוחה-072
S-0228,O-0138,2026-06-23,P-010,1,39,נמסר,לקוחה-072
S-0229,O-0139,2026-06-24,P-063,1,219,נמסר,לקוחה-012
S-0230,O-0139,2026-06-24,P-002,1,29,נמסר,לקוחה-012
S-0231,O-0140,2026-06-25,P-044,1,179,נמסר,לקוחה-132
S-0232,O-0140,2026-06-25,P-001,2,69,נמסר,לקוחה-132
S-0233,O-0141,2026-06-26,P-025,1,99,נמסר,לקוחה-014
S-0234,O-0141,2026-06-26,P-016,1,99,נמסר,לקוחה-014
S-0235,O-0142,2026-06-27,P-093,1,19,נמסר,לקוחה-031
S-0236,O-0143,2026-06-28,P-005,2,99,הוחזר,לקוחה-074
S-0237,O-0144,2026-06-29,P-006,1,89,נמסר,לקוחה-015
S-0238,O-0145,2026-07-01,P-002,1,29,נמסר,לקוחה-067
S-0239,O-0145,2026-07-01,P-011,1,89,נמסר,לקוחה-067
S-0240,O-0145,2026-07-01,P-071,3,43,נמסר,לקוחה-067
S-0241,O-0146,2026-07-01,P-041,1,39,נמסר,לקוחה-112
S-0242,O-0147,2026-07-02,P-041,1,39,נמסר,לקוחה-019
S-0243,O-0148,2026-07-02,P-010,1,39,נמסר,לקוחה-057
S-0244,O-0149,2026-07-03,P-041,1,39,נמסר,לקוחה-135
S-0245,O-0149,2026-07-03,P-010,1,39,הוחזר,לקוחה-135
S-0246,O-0150,2026-07-04,P-079,3,28,נמסר,לקוחה-001
S-0247,O-0151,2026-07-04,P-002,1,29,נמסר,לקוחה-006
S-0248,O-0151,2026-07-04,P-041,2,39,נמסר,לקוחה-006
S-0249,O-0152,2026-07-05,P-022,1,89,נמסר,לקוחה-040
S-0250,O-0153,2026-07-07,P-001,1,69,נמסר,לקוחה-036
S-0251,O-0154,2026-07-08,P-074,1,194,נמסר,לקוחה-036
S-0252,O-0154,2026-07-08,P-004,1,79,נמסר,לקוחה-036
S-0253,O-0155,2026-07-08,P-006,1,89,נמסר,לקוחה-010
S-0254,O-0156,2026-07-09,P-020,1,29,נמסר,לקוחה-115
S-0255,O-0157,2026-07-09,P-001,3,69,נמסר,לקוחה-092
S-0256,O-0158,2026-07-10,P-005,1,99,נמסר,לקוחה-008
S-0257,O-0159,2026-07-10,P-042,1,59,נמסר,לקוחה-009
S-0258,O-0160,2026-07-11,P-004,1,79,נמסר,לקוחה-001
S-0259,O-0160,2026-07-11,P-072,1,20,נמסר,לקוחה-001
S-0260,O-0161,2026-07-11,P-064,1,219,נמסר,לקוחה-069
S-0261,O-0162,2026-07-11,P-077,4,13,נמסר,לקוחה-085
S-0262,O-0163,2026-07-12,P-015,1,89,נמסר,לקוחה-101
S-0263,O-0164,2026-07-13,P-032,2,69,נמסר,לקוחה-100
S-0264,O-0164,2026-07-13,P-001,2,69,נמסר,לקוחה-100
S-0265,O-0164,2026-07-13,P-067,1,209,הוחזר,לקוחה-100
S-0266,O-0165,2026-07-13,P-054,1,209,נמסר,לקוחה-004
S-0267,O-0166,2026-07-13,P-043,1,39,נמסר,לקוחה-005
S-0268,O-0167,2026-07-13,P-095,2,38,נמסר,לקוחה-119
S-0269,O-0167,2026-07-13,P-077,2,13,נמסר,לקוחה-119
S-0270,O-0168,2026-07-14,P-012,1,99,נמסר,לקוחה-003
S-0271,O-0169,2026-07-15,P-035,1,89,נמסר,לקוחה-159
S-0272,O-0170,2026-07-15,P-010,1,39,נמסר,לקוחה-015
S-0273,O-0170,2026-07-15,P-076,2,56,נמסר,לקוחה-015
S-0274,O-0171,2026-07-16,P-020,1,29,נמסר,לקוחה-022
S-0275,O-0172,2026-07-16,P-013,1,89,נמסר,לקוחה-153
S-0276,O-0172,2026-07-16,P-002,1,29,נמסר,לקוחה-153
S-0277,O-0173,2026-07-18,P-011,2,89,נמסר,לקוחה-019
S-0278,O-0174,2026-07-18,P-006,1,89,נמסר,לקוחה-011
S-0279,O-0175,2026-07-18,P-010,1,39,נמסר,לקוחה-101
S-0280,O-0176,2026-07-19,P-080,2,5,נמסר,לקוחה-035
S-0281,O-0177,2026-07-19,P-044,1,179,נמסר,לקוחה-135
S-0282,O-0178,2026-07-20,P-005,1,99,נמסר,לקוחה-120
S-0283,O-0179,2026-07-21,P-072,1,20,נמסר,לקוחה-004
S-0284,O-0180,2026-07-21,P-094,1,31,נמסר,לקוחה-008
S-0285,O-0181,2026-07-21,P-087,1,6,נמסר,לקוחה-053
S-0286,O-0182,2026-07-22,P-046,1,209,נמסר,לקוחה-002
S-0287,O-0183,2026-07-22,P-011,1,89,נמסר,לקוחה-149
S-0288,O-0183,2026-07-22,P-063,1,219,הוחזר,לקוחה-149
S-0289,O-0184,2026-07-22,P-008,1,89,נמסר,לקוחה-027
S-0290,O-0184,2026-07-22,P-083,1,19,נמסר,לקוחה-027
S-0291,O-0184,2026-07-22,P-081,2,19,נמסר,לקוחה-027
S-0292,O-0185,2026-07-22,P-072,1,20,נמסר,לקוחה-023
S-0293,O-0186,2026-07-24,P-001,1,69,נמסר,לקוחה-016
S-0294,O-0186,2026-07-24,P-002,1,29,נמסר,לקוחה-016
S-0295,O-0187,2026-07-24,P-046,1,209,נמסר,לקוחה-001
S-0296,O-0188,2026-07-24,P-041,1,39,נמסר,לקוחה-023
S-0297,O-0189,2026-07-25,P-072,3,20,נמסר,לקוחה-064
S-0298,O-0189,2026-07-25,P-067,1,209,נמסר,לקוחה-064
S-0299,O-0190,2026-07-25,P-003,1,79,נמסר,לקוחה-016
S-0300,O-0191,2026-07-26,P-037,1,69,נמסר,לקוחה-082
S-0301,O-0192,2026-07-26,P-069,2,189,נמסר,לקוחה-007
S-0302,O-0192,2026-07-26,P-091,1,35,נמסר,לקוחה-007
S-0303,O-0193,2026-07-26,P-071,1,43,הוחזר,לקוחה-037
S-0304,O-0194,2026-07-27,P-095,2,38,נמסר,לקוחה-140
S-0305,O-0194,2026-07-27,P-072,2,20,נמסר,לקוחה-140
S-0306,O-0195,2026-07-27,P-012,1,99,נמסר,לקוחה-137
S-0307,O-0196,2026-07-27,P-021,1,39,נמסר,לקוחה-124
S-0308,O-0196,2026-07-27,P-074,2,194,נמסר,לקוחה-124
S-0309,O-0196,2026-07-27,P-013,2,89,נמסר,לקוחה-124
S-0310,O-0197,2026-07-28,P-071,4,43,נמסר,לקוחה-078
S-0311,O-0197,2026-07-28,P-079,1,28,נמסר,לקוחה-078
S-0312,O-0198,2026-07-28,P-041,3,39,נמסר,לקוחה-065
S-0313,O-0199,2026-07-28,P-048,1,229,נמסר,לקוחה-051
S-0314,O-0199,2026-07-28,P-043,1,39,הוחזר,לקוחה-051
S-0315,O-0200,2026-07-29,P-041,1,39,נמסר,לקוחה-123
S-0316,O-0200,2026-07-29,P-026,1,59,נמסר,לקוחה-123
S-0317,O-0200,2026-07-29,P-047,1,59,נמסר,לקוחה-123
S-0318,O-0201,2026-07-29,P-002,2,29,נמסר,לקוחה-001
S-0319,O-0202,2026-07-29,P-082,1,27,נמסר,לקוחה-104
S-0320,O-0203,2026-07-29,P-073,1,25,נמסר,לקוחה-134
S-0321,O-0204,2026-07-30,P-049,2,99,נמסר,לקוחה-045
S-0322,O-0205,2026-07-30,P-050,1,109,נמסר,לקוחה-142
S-0323,O-0205,2026-07-30,P-089,2,42,נמסר,לקוחה-142
S-0324,O-0206,2026-07-31,P-002,1,29,נמסר,לקוחה-081
S-0325,O-0207,2026-07-31,P-055,1,119,נמסר,לקוחה-032
S-0326,O-0208,2026-07-31,P-072,1,20,נמסר,לקוחה-004
S-0327,O-0208,2026-07-31,P-080,1,5,נמסר,לקוחה-004
S-0328,O-0209,2026-08-01,P-005,1,99,נמסר,לקוחה-001
S-0329,O-0210,2026-08-01,P-001,1,69,נמסר,לקוחה-005
S-0330,O-0211,2026-08-01,P-001,1,69,נמסר,לקוחה-069
S-0331,O-0211,2026-08-01,P-015,1,89,נמסר,לקוחה-069
S-0332,O-0212,2026-08-01,P-003,1,79,נמסר,לקוחה-007
S-0333,O-0212,2026-08-01,P-074,2,194,נמסר,לקוחה-007
S-0334,O-0212,2026-08-01,P-075,4,188,הוחזר,לקוחה-007
S-0335,O-0213,2026-08-01,P-033,1,99,נמסר,לקוחה-055
S-0336,O-0213,2026-08-01,P-077,2,13,הוחזר,לקוחה-055
S-0337,O-0213,2026-08-01,P-072,4,20,נמסר,לקוחה-055
S-0338,O-0214,2026-08-01,P-004,1,79,נמסר,לקוחה-063
S-0339,O-0215,2026-08-01,P-090,4,29,נמסר,לקוחה-029
S-0340,O-0216,2026-08-02,P-093,1,19,נמסר,לקוחה-045
S-0341,O-0217,2026-08-02,P-090,1,29,נמסר,לקוחה-035
S-0342,O-0218,2026-08-02,P-071,1,43,נמסר,לקוחה-084
S-0343,O-0219,2026-08-03,P-012,1,99,נמסר,לקוחה-017
S-0344,O-0220,2026-08-03,P-081,1,19,נמסר,לקוחה-096
S-0345,O-0221,2026-08-03,P-033,1,99,נמסר,לקוחה-101
S-0346,O-0222,2026-08-03,P-042,1,59,נמסר,לקוחה-112
S-0347,O-0223,2026-08-04,P-075,1,188,נמסר,לקוחה-011
S-0348,O-0224,2026-08-04,P-097,1,218,נמסר,לקוחה-017
S-0349,O-0224,2026-08-04,P-071,1,43,נמסר,לקוחה-017
S-0350,O-0225,2026-08-04,P-074,1,194,נמסר,לקוחה-128
S-0351,O-0225,2026-08-04,P-083,1,19,נמסר,לקוחה-128
S-0352,O-0225,2026-08-04,P-073,1,25,נמסר,לקוחה-128
S-0353,O-0226,2026-08-05,P-072,1,20,נמסר,לקוחה-029
S-0354,O-0227,2026-08-05,P-004,1,79,נמסר,לקוחה-132
S-0355,O-0227,2026-08-05,P-084,2,10,נמסר,לקוחה-132
S-0356,O-0228,2026-08-06,P-079,1,28,נמסר,לקוחה-081
S-0357,O-0228,2026-08-06,P-071,1,43,נמסר,לקוחה-081
S-0358,O-0228,2026-08-06,P-050,1,109,נמסר,לקוחה-081
S-0359,O-0229,2026-08-06,P-071,3,43,נמסר,לקוחה-141
S-0360,O-0230,2026-08-06,P-049,3,99,נמסר,לקוחה-144
S-0361,O-0230,2026-08-06,P-098,1,31,נמסר,לקוחה-144
S-0362,O-0230,2026-08-06,P-073,1,25,נמסר,לקוחה-144
S-0363,O-0231,2026-08-06,P-001,1,69,נמסר,לקוחה-051
S-0364,O-0232,2026-08-06,P-097,3,218,נמסר,לקוחה-040
S-0365,O-0233,2026-08-06,P-078,2,78,נמסר,לקוחה-042
S-0366,O-0234,2026-08-06,P-071,1,43,נמסר,לקוחה-061
S-0367,O-0235,2026-08-07,P-073,2,25,נמסר,לקוחה-038
S-0368,O-0235,2026-08-07,P-078,4,78,נמסר,לקוחה-038
S-0369,O-0235,2026-08-07,P-077,1,13,נמסר,לקוחה-038
S-0370,O-0236,2026-08-07,P-002,1,29,נמסר,לקוחה-155
S-0371,O-0237,2026-08-07,P-041,1,39,נמסר,לקוחה-135
S-0372,O-0238,2026-08-08,P-074,4,194,נמסר,לקוחה-052
S-0373,O-0239,2026-08-08,P-031,1,89,נמסר,לקוחה-084
S-0374,O-0240,2026-08-08,P-007,1,39,נמסר,לקוחה-013
S-0375,O-0241,2026-08-09,P-097,1,218,נמסר,לקוחה-123
S-0376,O-0241,2026-08-09,P-093,2,19,נמסר,לקוחה-123
S-0377,O-0242,2026-08-10,P-071,2,43,נמסר,לקוחה-046
S-0378,O-0243,2026-08-11,P-071,1,43,נמסר,לקוחה-140
S-0379,O-0243,2026-08-11,P-021,1,39,נמסר,לקוחה-140
S-0380,O-0244,2026-08-11,P-003,2,79,נמסר,לקוחה-071
S-0381,O-0244,2026-08-11,P-072,1,20,נמסר,לקוחה-071
S-0382,O-0245,2026-08-12,P-001,1,69,נמסר,לקוחה-120
S-0383,O-0246,2026-08-12,P-071,1,43,נמסר,לקוחה-082
S-0384,O-0247,2026-08-12,P-072,1,20,נמסר,לקוחה-022
S-0385,O-0248,2026-08-12,P-085,1,6,נמסר,לקוחה-156
S-0386,O-0249,2026-08-13,P-014,1,69,נמסר,לקוחה-082
S-0387,O-0250,2026-08-13,P-089,3,42,נמסר,לקוחה-087
S-0388,O-0250,2026-08-13,P-002,1,29,נמסר,לקוחה-087
S-0389,O-0251,2026-08-13,P-074,1,194,נמסר,לקוחה-052
S-0390,O-0251,2026-08-13,P-087,2,6,נמסר,לקוחה-052
S-0391,O-0252,2026-08-14,P-057,1,239,נמסר,לקוחה-158
S-0392,O-0252,2026-08-14,P-045,2,219,נמסר,לקוחה-158
S-0393,O-0253,2026-08-14,P-075,1,188,נמסר,לקוחה-110
S-0394,O-0253,2026-08-14,P-084,2,10,נמסר,לקוחה-110
S-0395,O-0253,2026-08-14,P-089,2,42,נמסר,לקוחה-110
S-0396,O-0254,2026-08-14,P-085,3,6,נמסר,לקוחה-006
S-0397,O-0255,2026-08-14,P-072,1,20,נמסר,לקוחה-043
S-0398,O-0256,2026-08-14,P-089,1,42,נמסר,לקוחה-032
S-0399,O-0257,2026-08-15,P-041,1,39,נמסר,לקוחה-067
S-0400,O-0257,2026-08-15,P-072,2,20,נמסר,לקוחה-067
S-0401,O-0258,2026-08-15,P-078,4,78,נמסר,לקוחה-150
S-0402,O-0259,2026-08-15,P-001,2,69,נמסר,לקוחה-069
S-0403,O-0260,2026-08-15,P-071,3,43,נמסר,לקוחה-015
S-0404,O-0260,2026-08-15,P-089,2,42,נמסר,לקוחה-015
S-0405,O-0261,2026-08-15,P-073,2,25,נמסר,לקוחה-049
S-0406,O-0262,2026-08-15,P-041,1,39,נמסר,לקוחה-004
S-0407,O-0263,2026-08-15,P-002,1,29,נמסר,לקוחה-030
S-0408,O-0264,2026-08-16,P-004,1,79,נמסר,לקוחה-038
S-0409,O-0265,2026-08-16,P-071,3,43,נמסר,לקוחה-084
S-0410,O-0266,2026-08-16,P-015,1,89,נמסר,לקוחה-012
S-0411,O-0267,2026-08-17,P-006,1,89,נמסר,לקוחה-038
S-0412,O-0267,2026-08-17,P-018,1,59,נמסר,לקוחה-038
S-0413,O-0267,2026-08-17,P-086,2,29,נמסר,לקוחה-038
S-0414,O-0268,2026-08-17,P-037,1,69,נמסר,לקוחה-003
S-0415,O-0269,2026-08-17,P-050,1,109,נמסר,לקוחה-007
S-0416,O-0270,2026-08-17,P-004,1,79,נמסר,לקוחה-022
S-0417,O-0271,2026-08-17,P-094,2,31,נמסר,לקוחה-011
S-0418,O-0271,2026-08-17,P-043,1,39,נמסר,לקוחה-011
S-0419,O-0272,2026-08-18,P-023,3,99,נמסר,לקוחה-138
S-0420,O-0273,2026-08-18,P-044,1,179,נמסר,לקוחה-114
S-0421,O-0273,2026-08-18,P-078,1,78,נמסר,לקוחה-114
S-0422,O-0274,2026-08-18,P-001,2,69,נמסר,לקוחה-018
S-0423,O-0275,2026-08-18,P-095,1,38,נמסר,לקוחה-023
S-0424,O-0276,2026-08-19,P-071,1,43,נמסר,לקוחה-058
S-0425,O-0277,2026-08-19,P-001,2,69,נמסר,לקוחה-089
S-0426,O-0278,2026-08-19,P-079,2,28,נמסר,לקוחה-050
S-0427,O-0279,2026-08-20,P-068,1,109,נמסר,לקוחה-032
S-0428,O-0279,2026-08-20,P-071,3,43,נמסר,לקוחה-032
S-0429,O-0279,2026-08-20,P-004,1,79,נמסר,לקוחה-032
S-0430,O-0280,2026-08-20,P-041,1,39,נמסר,לקוחה-023
S-0431,O-0281,2026-08-20,P-080,1,5,נמסר,לקוחה-072
S-0432,O-0282,2026-08-20,P-074,1,194,נמסר,לקוחה-020
S-0433,O-0283,2026-08-20,P-007,1,39,נמסר,לקוחה-125
S-0434,O-0284,2026-08-21,P-034,1,89,נמסר,לקוחה-032
S-0435,O-0284,2026-08-21,P-028,1,99,נמסר,לקוחה-032
S-0436,O-0285,2026-08-21,P-046,2,209,נמסר,לקוחה-013
S-0437,O-0286,2026-08-21,P-072,1,20,נמסר,לקוחה-007
S-0438,O-0286,2026-08-21,P-073,3,25,נמסר,לקוחה-007
S-0439,O-0287,2026-08-22,P-028,1,99,נמסר,לקוחה-066
S-0440,O-0287,2026-08-22,P-072,4,20,הוחזר,לקוחה-066
S-0441,O-0287,2026-08-22,P-004,1,79,נמסר,לקוחה-066
S-0442,O-0288,2026-08-22,P-005,1,99,נמסר,לקוחה-024
S-0443,O-0288,2026-08-22,P-003,1,79,נמסר,לקוחה-024
S-0444,O-0289,2026-08-22,P-087,2,6,נמסר,לקוחה-011
S-0445,O-0289,2026-08-22,P-078,2,78,נמסר,לקוחה-011
S-0446,O-0290,2026-08-22,P-093,1,19,נמסר,לקוחה-154
S-0447,O-0290,2026-08-22,P-003,2,79,נמסר,לקוחה-154
S-0448,O-0291,2026-08-22,P-018,1,59,נמסר,לקוחה-015
S-0449,O-0292,2026-08-23,P-072,2,20,נמסר,לקוחה-013
S-0450,O-0292,2026-08-23,P-074,1,194,נמסר,לקוחה-013
S-0451,O-0292,2026-08-23,P-083,1,19,נמסר,לקוחה-013
S-0452,O-0293,2026-08-23,P-043,1,39,נמסר,לקוחה-143
S-0453,O-0294,2026-08-23,P-071,4,43,נמסר,לקוחה-005
S-0454,O-0295,2026-08-23,P-071,1,43,נמסר,לקוחה-003
S-0455,O-0296,2026-08-23,P-006,1,89,נמסר,לקוחה-132
S-0456,O-0297,2026-08-23,P-010,1,39,נמסר,לקוחה-132
S-0457,O-0297,2026-08-23,P-071,1,43,נמסר,לקוחה-132
S-0458,O-0298,2026-08-23,P-074,2,194,נמסר,לקוחה-018
S-0459,O-0298,2026-08-23,P-091,2,35,נמסר,לקוחה-018
S-0460,O-0298,2026-08-23,P-058,1,149,נמסר,לקוחה-018
S-0461,O-0299,2026-08-23,P-001,1,69,נמסר,לקוחה-081
S-0462,O-0300,2026-08-23,P-012,1,99,נמסר,לקוחה-068
S-0463,O-0301,2026-08-23,P-001,1,69,נמסר,לקוחה-016
S-0464,O-0302,2026-08-23,P-071,2,43,נמסר,לקוחה-033
S-0465,O-0303,2026-08-24,P-084,1,10,נמסר,לקוחה-121
S-0466,O-0303,2026-08-24,P-022,1,89,נמסר,לקוחה-121
S-0467,O-0304,2026-08-24,P-090,1,29,נמסר,לקוחה-054
S-0468,O-0304,2026-08-24,P-074,1,194,נמסר,לקוחה-054
S-0469,O-0304,2026-08-24,P-083,2,19,נמסר,לקוחה-054
S-0470,O-0305,2026-08-24,P-004,1,79,נמסר,לקוחה-060
S-0471,O-0306,2026-08-24,P-047,2,59,נמסר,לקוחה-054
S-0472,O-0307,2026-08-24,P-002,1,29,נמסר,לקוחה-003
S-0473,O-0308,2026-08-25,P-042,1,59,נמסר,לקוחה-031
S-0474,O-0308,2026-08-25,P-094,1,31,נמסר,לקוחה-031
S-0475,O-0309,2026-08-25,P-071,1,43,נמסר,לקוחה-047
S-0476,O-0309,2026-08-25,P-084,1,10,נמסר,לקוחה-047
S-0477,O-0310,2026-08-25,P-072,1,20,נמסר,לקוחה-149
S-0478,O-0310,2026-08-25,P-076,1,56,נמסר,לקוחה-149
S-0479,O-0311,2026-08-25,P-076,1,56,נמסר,לקוחה-001
S-0480,O-0311,2026-08-25,P-001,1,69,נמסר,לקוחה-001
S-0481,O-0312,2026-08-25,P-076,3,56,נמסר,לקוחה-008
S-0482,O-0312,2026-08-25,P-087,2,6,הוחזר,לקוחה-008
S-0483,O-0312,2026-08-25,P-072,1,20,נמסר,לקוחה-008
S-0484,O-0313,2026-08-25,P-079,4,28,נמסר,לקוחה-016
S-0485,O-0314,2026-08-26,P-076,1,56,נמסר,לקוחה-058
S-0486,O-0315,2026-08-26,P-095,1,38,נמסר,לקוחה-002
S-0487,O-0315,2026-08-26,P-075,1,188,נמסר,לקוחה-002
S-0488,O-0316,2026-08-26,P-071,2,43,נמסר,לקוחה-015
S-0489,O-0316,2026-08-26,P-072,1,20,הוחזר,לקוחה-015
S-0490,O-0317,2026-08-26,P-082,1,27,נמסר,לקוחה-021
S-0491,O-0318,2026-08-27,P-078,1,78,נמסר,לקוחה-104
S-0492,O-0319,2026-08-27,P-087,3,6,נמסר,לקוחה-003
S-0493,O-0320,2026-08-27,P-079,1,28,נמסר,לקוחה-099
S-0494,O-0321,2026-08-28,P-002,1,29,נמסר,לקוחה-012
S-0495,O-0322,2026-08-29,P-091,1,35,נמסר,לקוחה-001
S-0496,O-0322,2026-08-29,P-085,1,6,נמסר,לקוחה-001
S-0497,O-0322,2026-08-29,P-080,1,5,הוחזר,לקוחה-001
S-0498,O-0323,2026-08-29,P-043,1,39,נמסר,לקוחה-015
S-0499,O-0323,2026-08-29,P-036,1,59,נמסר,לקוחה-015
S-0500,O-0324,2026-08-29,P-015,1,89,נמסר,לקוחה-004
S-0501,O-0325,2026-08-29,P-072,2,20,נמסר,לקוחה-102
S-0502,O-0326,2026-08-29,P-034,1,89,נמסר,לקוחה-010
S-0503,O-0326,2026-08-29,P-076,1,56,נמסר,לקוחה-010
S-0504,O-0327,2026-08-29,P-027,1,39,נמסר,לקוחה-008
S-0505,O-0328,2026-08-30,P-042,1,59,נמסר,לקוחה-126
S-0506,O-0328,2026-08-30,P-002,1,29,נמסר,לקוחה-126
S-0507,O-0329,2026-08-30,P-073,1,25,נמסר,לקוחה-036
S-0508,O-0330,2026-08-31,P-091,4,35,נמסר,לקוחה-107
S-0509,O-0331,2026-08-31,P-005,1,99,נמסר,לקוחה-086
S-0510,O-0331,2026-08-31,P-074,3,194,נמסר,לקוחה-086
S-0511,O-0331,2026-08-31,P-043,2,39,נמסר,לקוחה-086
S-0512,O-0332,2026-09-01,P-073,1,25,נמסר,לקוחה-158
S-0513,O-0333,2026-09-01,P-056,1,249,נמסר,לקוחה-084
S-0514,O-0334,2026-09-02,P-029,1,99,נמסר,לקוחה-070
S-0515,O-0335,2026-09-02,P-073,1,25,נמסר,לקוחה-149
S-0516,O-0336,2026-09-02,P-074,1,194,נמסר,לקוחה-062
S-0517,O-0337,2026-09-02,P-072,1,20,נמסר,לקוחה-001
S-0518,O-0338,2026-09-03,P-071,4,43,נמסר,לקוחה-022
S-0519,O-0339,2026-09-03,P-001,1,69,נמסר,לקוחה-010
S-0520,O-0339,2026-09-03,P-071,2,43,נמסר,לקוחה-010
S-0521,O-0340,2026-09-03,P-092,1,9,נמסר,לקוחה-040
S-0522,O-0341,2026-09-03,P-083,3,19,נמסר,לקוחה-149
S-0523,O-0341,2026-09-03,P-075,3,188,נמסר,לקוחה-149
S-0524,O-0341,2026-09-03,P-084,1,10,נמסר,לקוחה-149
S-0525,O-0342,2026-09-04,P-087,2,6,נמסר,לקוחה-045
S-0526,O-0343,2026-09-04,P-004,1,79,נמסר,לקוחה-027
S-0527,O-0344,2026-09-05,P-021,1,39,נמסר,לקוחה-005
S-0528,O-0345,2026-09-05,P-072,1,20,נמסר,לקוחה-003
S-0529,O-0346,2026-09-05,P-072,1,20,נמסר,לקוחה-033
S-0530,O-0347,2026-09-05,P-010,2,39,נמסר,לקוחה-011
S-0531,O-0348,2026-09-05,P-073,1,25,נמסר,לקוחה-114
S-0532,O-0349,2026-09-05,P-001,2,69,נמסר,לקוחה-007
S-0533,O-0349,2026-09-05,P-074,2,194,נמסר,לקוחה-007
S-0534,O-0349,2026-09-05,P-076,3,56,נמסר,לקוחה-007
S-0535,O-0350,2026-09-06,P-083,3,19,נמסר,לקוחה-101
S-0536,O-0350,2026-09-06,P-086,1,29,נמסר,לקוחה-101
S-0537,O-0351,2026-09-06,P-071,1,43,נמסר,לקוחה-018
S-0538,O-0352,2026-09-06,P-071,3,43,נמסר,לקוחה-104
S-0539,O-0353,2026-09-06,P-071,4,43,הוחזר,לקוחה-077
S-0540,O-0354,2026-09-06,P-089,4,42,נמסר,לקוחה-130
S-0541,O-0354,2026-09-06,P-086,3,29,נמסר,לקוחה-130
S-0542,O-0355,2026-09-07,P-089,2,42,נמסר,לקוחה-141
S-0543,O-0355,2026-09-07,P-079,3,28,נמסר,לקוחה-141
S-0544,O-0356,2026-09-07,P-043,1,39,נמסר,לקוחה-004
S-0545,O-0357,2026-09-08,P-011,1,89,נמסר,לקוחה-077
S-0546,O-0358,2026-09-08,P-071,1,43,נמסר,לקוחה-140
S-0547,O-0358,2026-09-08,P-072,1,20,נמסר,לקוחה-140
S-0548,O-0359,2026-09-08,P-044,1,179,נמסר,לקוחה-067
S-0549,O-0359,2026-09-08,P-092,1,9,נמסר,לקוחה-067
S-0550,O-0360,2026-09-08,P-094,4,31,נמסר,לקוחה-122
S-0551,O-0361,2026-09-08,P-049,2,99,הוחזר,לקוחה-160
S-0552,O-0362,2026-09-08,P-004,1,79,נמסר,לקוחה-065
S-0553,O-0363,2026-09-08,P-029,1,99,נמסר,לקוחה-004
S-0554,O-0363,2026-09-08,P-076,3,56,נמסר,לקוחה-004
S-0555,O-0364,2026-09-09,P-013,2,89,נמסר,לקוחה-055
S-0556,O-0365,2026-09-09,P-071,1,43,נמסר,לקוחה-006
S-0557,O-0366,2026-09-09,P-047,1,59,נמסר,לקוחה-055
S-0558,O-0367,2026-09-09,P-075,2,188,נמסר,לקוחה-003
S-0559,O-0368,2026-09-09,P-027,1,39,הוחזר,לקוחה-041
S-0560,O-0369,2026-09-09,P-080,2,5,נמסר,לקוחה-140
S-0561,O-0369,2026-09-09,P-004,2,79,נמסר,לקוחה-140
S-0562,O-0370,2026-09-09,P-090,1,29,נמסר,לקוחה-085
S-0563,O-0370,2026-09-09,P-051,1,69,נמסר,לקוחה-085
S-0564,O-0370,2026-09-09,P-008,1,89,נמסר,לקוחה-085
S-0565,O-0371,2026-09-09,P-073,2,25,הוחזר,לקוחה-012
S-0566,O-0372,2026-09-10,P-026,3,59,נמסר,לקוחה-002
S-0567,O-0372,2026-09-10,P-011,1,89,נמסר,לקוחה-002
S-0568,O-0373,2026-09-10,P-088,1,11,נמסר,לקוחה-009
S-0569,O-0374,2026-09-10,P-073,1,25,נמסר,לקוחה-105
S-0570,O-0375,2026-09-11,P-001,1,69,נמסר,לקוחה-020
S-0571,O-0375,2026-09-11,P-033,2,99,נמסר,לקוחה-020
S-0572,O-0376,2026-09-11,P-073,3,25,נמסר,לקוחה-002
S-0573,O-0377,2026-09-12,P-041,1,39,הוחזר,לקוחה-047
S-0574,O-0378,2026-09-13,P-014,1,69,נמסר,לקוחה-119
S-0575,O-0378,2026-09-13,P-001,2,69,נמסר,לקוחה-119
S-0576,O-0378,2026-09-13,P-069,1,189,נמסר,לקוחה-119
S-0577,O-0379,2026-09-15,P-001,1,69,נמסר,לקוחה-101
S-0578,O-0379,2026-09-15,P-041,1,39,נמסר,לקוחה-101
S-0579,O-0379,2026-09-15,P-006,2,89,נמסר,לקוחה-101
S-0580,O-0380,2026-09-15,P-014,1,69,נמסר,לקוחה-057
S-0581,O-0381,2026-09-16,P-055,1,119,נמסר,לקוחה-052
S-0582,O-0382,2026-09-17,P-016,1,99,נמסר,לקוחה-127
S-0583,O-0383,2026-09-17,P-008,1,89,נמסר,לקוחה-008
S-0584,O-0383,2026-09-17,P-086,4,29,נמסר,לקוחה-008
S-0585,O-0384,2026-09-17,P-013,1,89,נמסר,לקוחה-019
S-0586,O-0384,2026-09-17,P-007,1,39,נמסר,לקוחה-019
S-0587,O-0385,2026-09-17,P-046,1,209,נמסר,לקוחה-122
S-0588,O-0386,2026-09-18,P-075,1,188,נמסר,לקוחה-057
S-0589,O-0386,2026-09-18,P-006,1,89,נמסר,לקוחה-057
S-0590,O-0387,2026-09-19,P-015,2,89,נמסר,לקוחה-033
S-0591,O-0387,2026-09-19,P-073,2,25,נמסר,לקוחה-033
S-0592,O-0387,2026-09-19,P-045,1,219,נמסר,לקוחה-033
S-0593,O-0388,2026-09-20,P-015,1,89,נמסר,לקוחה-005
S-0594,O-0388,2026-09-20,P-041,3,39,נמסר,לקוחה-005
S-0595,O-0389,2026-09-20,P-005,2,99,נמסר,לקוחה-132
S-0596,O-0390,2026-09-20,P-021,1,39,נמסר,לקוחה-018
S-0597,O-0390,2026-09-20,P-045,1,219,נמסר,לקוחה-018
S-0598,O-0391,2026-09-22,P-024,1,49,נשלח,לקוחה-036
S-0599,O-0392,2026-09-22,P-010,1,39,נשלח,לקוחה-069
S-0600,O-0393,2026-09-22,P-001,1,69,נמסר,לקוחה-091
S-0601,O-0393,2026-09-22,P-082,1,27,נמסר,לקוחה-091
S-0602,O-0394,2026-09-22,P-071,2,43,נשלח,לקוחה-004
S-0603,O-0395,2026-09-22,P-037,1,69,נמסר,לקוחה-026
S-0604,O-0396,2026-09-22,P-002,1,29,נמסר,לקוחה-010
S-0605,O-0397,2026-09-22,P-007,1,39,נמסר,לקוחה-009
S-0606,O-0398,2026-09-22,P-009,3,99,נשלח,לקוחה-037
S-0607,O-0399,2026-09-22,P-006,1,89,נשלח,לקוחה-008
S-0608,O-0400,2026-09-23,P-003,1,79,נמסר,לקוחה-006
S-0609,O-0400,2026-09-23,P-035,1,89,נמסר,לקוחה-006
S-0610,O-0400,2026-09-23,P-044,1,179,נמסר,לקוחה-006
S-0611,O-0401,2026-09-24,P-003,2,79,נשלח,לקוחה-107
S-0612,O-0402,2026-09-24,P-074,1,194,נשלח,לקוחה-038
S-0613,O-0402,2026-09-24,P-041,1,39,נשלח,לקוחה-038
S-0614,O-0403,2026-09-25,P-005,1,99,נמסר,לקוחה-005
S-0615,O-0403,2026-09-25,P-075,1,188,נמסר,לקוחה-005
S-0616,O-0403,2026-09-25,P-007,1,39,נמסר,לקוחה-005
S-0617,O-0404,2026-09-25,P-028,1,99,נמסר,לקוחה-002
S-0618,O-0404,2026-09-25,P-067,1,209,נמסר,לקוחה-002
S-0619,O-0405,2026-09-25,P-080,3,5,נמסר,לקוחה-035
S-0620,O-0406,2026-09-26,P-071,3,43,נשלח,לקוחה-041
S-0621,O-0406,2026-09-26,P-042,1,59,נשלח,לקוחה-041
S-0622,O-0407,2026-09-27,P-064,1,219,נשלח,לקוחה-010
S-0623,O-0408,2026-09-27,P-071,4,43,נמסר,לקוחה-001
S-0624,O-0409,2026-09-29,P-001,1,69,ממתין,לקוחה-055
S-0625,O-0410,2026-09-29,P-082,2,27,נשלח,לקוחה-026
S-0626,O-0410,2026-09-29,P-002,1,29,נשלח,לקוחה-026
S-0627,O-0410,2026-09-29,P-071,4,43,נשלח,לקוחה-026
S-0628,O-0411,2026-09-30,P-005,1,99,ממתין,לקוחה-012
S-0629,O-0412,2026-10-01,P-071,1,43,ממתין,לקוחה-033
S-0630,O-0413,2026-10-01,P-098,3,31,ממתין,לקוחה-043
S-0631,O-0414,2026-10-01,P-031,1,89,ממתין,לקוחה-024
S-0632,O-0414,2026-10-01,P-044,1,179,ממתין,לקוחה-024
S-0633,O-0415,2026-10-02,P-054,1,209,ממתין,לקוחה-057
S-0634,O-0415,2026-10-02,P-077,1,13,ממתין,לקוחה-057
S-0635,O-0415,2026-10-02,P-001,1,69,ממתין,לקוחה-057
S-0636,O-0416,2026-10-02,P-001,2,69,ממתין,לקוחה-120
S-0637,O-0416,2026-10-02,P-006,1,89,ממתין,לקוחה-120
S-0638,O-0417,2026-10-02,P-002,1,29,נשלח,לקוחה-081
S-0639,O-0418,2026-10-02,P-002,1,29,נשלח,לקוחה-050
